[
  {
    "POLICY_PLAN": "YCI6F5-AGE60-65",
    "POLICY_SUMINSURED": 2000000,
    "POLICY_PREMIUM": 96418,
    "PAYMENT_AMOUNT": 96418
  },
  {
    "POLICY_PLAN": "YCI6F5-AGE50-59",
    "POLICY_SUMINSURED": 2000000,
    "POLICY_PREMIUM": 66357,
    "PAYMENT_AMOUNT": 66357
  },
  {
    "POLICY_PLAN": "YCI6F5-AGE40-49",
    "POLICY_SUMINSURED": 2000000,
    "POLICY_PREMIUM": 43344,
    "PAYMENT_AMOUNT": 43344
  },
  {
    "POLICY_PLAN": "YCI6F5-AGE01-39",
    "POLICY_SUMINSURED": 2000000,
    "POLICY_PREMIUM": 24000,
    "PAYMENT_AMOUNT": 24000
  },
  {
    "POLICY_PLAN": "YCI6F4-AGE60-65",
    "POLICY_SUMINSURED": 1500000,
    "POLICY_PREMIUM": 72374,
    "PAYMENT_AMOUNT": 72374
  },
  {
    "POLICY_PLAN": "YCI6F4-AGE50-59",
    "POLICY_SUMINSURED": 1500000,
    "POLICY_PREMIUM": 49829,
    "PAYMENT_AMOUNT": 49829
  },
  {
    "POLICY_PLAN": "YCI6F4-AGE40-49",
    "POLICY_SUMINSURED": 1500000,
    "POLICY_PREMIUM": 32569,
    "PAYMENT_AMOUNT": 32569
  },
  {
    "POLICY_PLAN": "YCI6F4-AGE01-39",
    "POLICY_SUMINSURED": 1500000,
    "POLICY_PREMIUM": 18061,
    "PAYMENT_AMOUNT": 18061
  },
  {
    "POLICY_PLAN": "YCI6F3-AGE60-65",
    "POLICY_SUMINSURED": 1000000,
    "POLICY_PREMIUM": 48331,
    "PAYMENT_AMOUNT": 48331
  },
  {
    "POLICY_PLAN": "YCI6F3-AGE50-59",
    "POLICY_SUMINSURED": 1000000,
    "POLICY_PREMIUM": 33300,
    "PAYMENT_AMOUNT": 33300
  },
  {
    "POLICY_PLAN": "YCI6F3-AGE40-49",
    "POLICY_SUMINSURED": 1000000,
    "POLICY_PREMIUM": 21793,
    "PAYMENT_AMOUNT": 21793
  },
  {
    "POLICY_PLAN": "YCI6F3-AGE01-39",
    "POLICY_SUMINSURED": 1000000,
    "POLICY_PREMIUM": 12123,
    "PAYMENT_AMOUNT": 12123
  },
  {
    "POLICY_PLAN": "YCI6F2-AGE60-65",
    "POLICY_SUMINSURED": 500000,
    "POLICY_PREMIUM": 24287,
    "PAYMENT_AMOUNT": 24287
  },
  {
    "POLICY_PLAN": "YCI6F2-AGE50-59",
    "POLICY_SUMINSURED": 500000,
    "POLICY_PREMIUM": 16772,
    "PAYMENT_AMOUNT": 16772
  },
  {
    "POLICY_PLAN": "YCI6F2-AGE40-49",
    "POLICY_SUMINSURED": 500000,
    "POLICY_PREMIUM": 11018,
    "PAYMENT_AMOUNT": 11018
  },
  {
    "POLICY_PLAN": "YCI6F2-AGE01-39",
    "POLICY_SUMINSURED": 500000,
    "POLICY_PREMIUM": 6182,
    "PAYMENT_AMOUNT": 6182
  },
  {
    "POLICY_PLAN": "YCI6F1-AGE60-65",
    "POLICY_SUMINSURED": 300000,
    "POLICY_PREMIUM": 14648,
    "PAYMENT_AMOUNT": 14648
  },
  {
    "POLICY_PLAN": "YCI6F1-AGE50-59",
    "POLICY_SUMINSURED": 300000,
    "POLICY_PREMIUM": 10145,
    "PAYMENT_AMOUNT": 10145
  },
  {
    "POLICY_PLAN": "YCI6F1-AGE40-49",
    "POLICY_SUMINSURED": 300000,
    "POLICY_PREMIUM": 6697,
    "PAYMENT_AMOUNT": 6697
  },
  {
    "POLICY_PLAN": "YCI6F1-AGE01-39",
    "POLICY_SUMINSURED": 300000,
    "POLICY_PREMIUM": 3800,
    "PAYMENT_AMOUNT": 3800
  },
  {
    "POLICY_PLAN": "SCI6F5-AGE60-65",
    "POLICY_SUMINSURED": 2000000,
    "POLICY_PREMIUM": 49656,
    "PAYMENT_AMOUNT": 99312
  },
  {
    "POLICY_PLAN": "SCI6F5-AGE50-59",
    "POLICY_SUMINSURED": 2000000,
    "POLICY_PREMIUM": 34175,
    "PAYMENT_AMOUNT": 68350
  },
  {
    "POLICY_PLAN": "SCI6F5-AGE40-49",
    "POLICY_SUMINSURED": 2000000,
    "POLICY_PREMIUM": 22323,
    "PAYMENT_AMOUNT": 44646
  },
  {
    "POLICY_PLAN": "SCI6F5-AGE01-39",
    "POLICY_SUMINSURED": 2000000,
    "POLICY_PREMIUM": 12361,
    "PAYMENT_AMOUNT": 24722
  },
  {
    "POLICY_PLAN": "SCI6F4-AGE60-65",
    "POLICY_SUMINSURED": 1500000,
    "POLICY_PREMIUM": 37274,
    "PAYMENT_AMOUNT": 74548
  },
  {
    "POLICY_PLAN": "SCI6F4-AGE50-59",
    "POLICY_SUMINSURED": 1500000,
    "POLICY_PREMIUM": 25663,
    "PAYMENT_AMOUNT": 51326
  },
  {
    "POLICY_PLAN": "SCI6F4-AGE40-49",
    "POLICY_SUMINSURED": 1500000,
    "POLICY_PREMIUM": 16775,
    "PAYMENT_AMOUNT": 33550
  },
  {
    "POLICY_PLAN": "SCI6F4-AGE01-39",
    "POLICY_SUMINSURED": 1500000,
    "POLICY_PREMIUM": 9302,
    "PAYMENT_AMOUNT": 18604
  },
  {
    "POLICY_PLAN": "SCI6F3-AGE60-65",
    "POLICY_SUMINSURED": 1000000,
    "POLICY_PREMIUM": 24891,
    "PAYMENT_AMOUNT": 49782
  },
  {
    "POLICY_PLAN": "SCI6F3-AGE50-59",
    "POLICY_SUMINSURED": 1000000,
    "POLICY_PREMIUM": 17151,
    "PAYMENT_AMOUNT": 34302
  },
  {
    "POLICY_PLAN": "SCI6F3-AGE40-49",
    "POLICY_SUMINSURED": 1000000,
    "POLICY_PREMIUM": 11225,
    "PAYMENT_AMOUNT": 22450
  },
  {
    "POLICY_PLAN": "SCI6F3-AGE01-39",
    "POLICY_SUMINSURED": 1000000,
    "POLICY_PREMIUM": 6244,
    "PAYMENT_AMOUNT": 12488
  },
  {
    "POLICY_PLAN": "SCI6F2-AGE60-65",
    "POLICY_SUMINSURED": 500000,
    "POLICY_PREMIUM": 12509,
    "PAYMENT_AMOUNT": 25018
  },
  {
    "POLICY_PLAN": "SCI6F2-AGE50-59",
    "POLICY_SUMINSURED": 500000,
    "POLICY_PREMIUM": 8639,
    "PAYMENT_AMOUNT": 17278
  },
  {
    "POLICY_PLAN": "SCI6F2-AGE40-49",
    "POLICY_SUMINSURED": 500000,
    "POLICY_PREMIUM": 5676,
    "PAYMENT_AMOUNT": 11352
  },
  {
    "POLICY_PLAN": "SCI6F2-AGE01-39",
    "POLICY_SUMINSURED": 500000,
    "POLICY_PREMIUM": 3185,
    "PAYMENT_AMOUNT": 6370
  },
  {
    "POLICY_PLAN": "SCI6F1-AGE60-65",
    "POLICY_SUMINSURED": 300000,
    "POLICY_PREMIUM": 7546,
    "PAYMENT_AMOUNT": 15092
  },
  {
    "POLICY_PLAN": "SCI6F1-AGE50-59",
    "POLICY_SUMINSURED": 300000,
    "POLICY_PREMIUM": 5226,
    "PAYMENT_AMOUNT": 10452
  },
  {
    "POLICY_PLAN": "SCI6F1-AGE40-49",
    "POLICY_SUMINSURED": 300000,
    "POLICY_PREMIUM": 3450,
    "PAYMENT_AMOUNT": 6900
  },
  {
    "POLICY_PLAN": "SCI6F1-AGE01-39",
    "POLICY_SUMINSURED": 300000,
    "POLICY_PREMIUM": 1958,
    "PAYMENT_AMOUNT": 3916
  },
  {
    "POLICY_PLAN": "QCI6F5-AGE60-65",
    "POLICY_SUMINSURED": 2000000,
    "POLICY_PREMIUM": 24829,
    "PAYMENT_AMOUNT": 99316
  },
  {
    "POLICY_PLAN": "QCI6F5-AGE50-59",
    "POLICY_SUMINSURED": 2000000,
    "POLICY_PREMIUM": 17088,
    "PAYMENT_AMOUNT": 68352
  },
  {
    "POLICY_PLAN": "QCI6F5-AGE40-49",
    "POLICY_SUMINSURED": 2000000,
    "POLICY_PREMIUM": 11162,
    "PAYMENT_AMOUNT": 44648
  },
  {
    "POLICY_PLAN": "QCI6F5-AGE01-39",
    "POLICY_SUMINSURED": 2000000,
    "POLICY_PREMIUM": 6181,
    "PAYMENT_AMOUNT": 24724
  },
  {
    "POLICY_PLAN": "QCI6F4-AGE60-65",
    "POLICY_SUMINSURED": 1500000,
    "POLICY_PREMIUM": 18638,
    "PAYMENT_AMOUNT": 74552
  },
  {
    "POLICY_PLAN": "QCI6F4-AGE50-59",
    "POLICY_SUMINSURED": 1500000,
    "POLICY_PREMIUM": 12832,
    "PAYMENT_AMOUNT": 51328
  },
  {
    "POLICY_PLAN": "QCI6F4-AGE40-49",
    "POLICY_SUMINSURED": 1500000,
    "POLICY_PREMIUM": 8388,
    "PAYMENT_AMOUNT": 33552
  },
  {
    "POLICY_PLAN": "QCI6F4-AGE01-39",
    "POLICY_SUMINSURED": 1500000,
    "POLICY_PREMIUM": 4652,
    "PAYMENT_AMOUNT": 18608
  },
  {
    "POLICY_PLAN": "QCI6F3-AGE60-65",
    "POLICY_SUMINSURED": 1000000,
    "POLICY_PREMIUM": 12446,
    "PAYMENT_AMOUNT": 49784
  },
  {
    "POLICY_PLAN": "QCI6F3-AGE50-59",
    "POLICY_SUMINSURED": 1000000,
    "POLICY_PREMIUM": 8576,
    "PAYMENT_AMOUNT": 34304
  },
  {
    "POLICY_PLAN": "QCI6F3-AGE40-49",
    "POLICY_SUMINSURED": 1000000,
    "POLICY_PREMIUM": 5613,
    "PAYMENT_AMOUNT": 22452
  },
  {
    "POLICY_PLAN": "QCI6F3-AGE01-39",
    "POLICY_SUMINSURED": 1000000,
    "POLICY_PREMIUM": 3123,
    "PAYMENT_AMOUNT": 12492
  },
  {
    "POLICY_PLAN": "QCI6F2-AGE60-65",
    "POLICY_SUMINSURED": 500000,
    "POLICY_PREMIUM": 6255,
    "PAYMENT_AMOUNT": 25020
  },
  {
    "POLICY_PLAN": "QCI6F2-AGE50-59",
    "POLICY_SUMINSURED": 500000,
    "POLICY_PREMIUM": 4320,
    "PAYMENT_AMOUNT": 17280
  },
  {
    "POLICY_PLAN": "QCI6F2-AGE40-49",
    "POLICY_SUMINSURED": 500000,
    "POLICY_PREMIUM": 2839,
    "PAYMENT_AMOUNT": 11356
  },
  {
    "POLICY_PLAN": "QCI6F2-AGE01-39",
    "POLICY_SUMINSURED": 500000,
    "POLICY_PREMIUM": 1594,
    "PAYMENT_AMOUNT": 6376
  },
  {
    "POLICY_PLAN": "QCI6F1-AGE60-65",
    "POLICY_SUMINSURED": 300000,
    "POLICY_PREMIUM": 3773,
    "PAYMENT_AMOUNT": 15092
  },
  {
    "POLICY_PLAN": "QCI6F1-AGE50-59",
    "POLICY_SUMINSURED": 300000,
    "POLICY_PREMIUM": 2614,
    "PAYMENT_AMOUNT": 10456
  },
  {
    "POLICY_PLAN": "QCI6F1-AGE40-49",
    "POLICY_SUMINSURED": 300000,
    "POLICY_PREMIUM": 1725,
    "PAYMENT_AMOUNT": 6900
  },
  {
    "POLICY_PLAN": "QCI6F1-AGE01-39",
    "POLICY_SUMINSURED": 300000,
    "POLICY_PREMIUM": 980,
    "PAYMENT_AMOUNT": 3920
  },
  {
    "POLICY_PLAN": "TCI6F5-AGE60-65",
    "POLICY_SUMINSURED": 2000000,
    "POLICY_PREMIUM": 16554,
    "PAYMENT_AMOUNT": 99324
  },
  {
    "POLICY_PLAN": "TCI6F5-AGE50-59",
    "POLICY_SUMINSURED": 2000000,
    "POLICY_PREMIUM": 11393,
    "PAYMENT_AMOUNT": 68358
  },
  {
    "POLICY_PLAN": "TCI6F5-AGE40-49",
    "POLICY_SUMINSURED": 2000000,
    "POLICY_PREMIUM": 7442,
    "PAYMENT_AMOUNT": 44652
  },
  {
    "POLICY_PLAN": "TCI6F5-AGE01-39",
    "POLICY_SUMINSURED": 2000000,
    "POLICY_PREMIUM": 4121,
    "PAYMENT_AMOUNT": 24726
  },
  {
    "POLICY_PLAN": "TCI6F4-AGE60-65",
    "POLICY_SUMINSURED": 1500000,
    "POLICY_PREMIUM": 12426,
    "PAYMENT_AMOUNT": 74556
  },
  {
    "POLICY_PLAN": "TCI6F4-AGE50-59",
    "POLICY_SUMINSURED": 1500000,
    "POLICY_PREMIUM": 8556,
    "PAYMENT_AMOUNT": 51336
  },
  {
    "POLICY_PLAN": "TCI6F4-AGE40-49",
    "POLICY_SUMINSURED": 1500000,
    "POLICY_PREMIUM": 5593,
    "PAYMENT_AMOUNT": 33558
  },
  {
    "POLICY_PLAN": "TCI6F4-AGE01-39",
    "POLICY_SUMINSURED": 1500000,
    "POLICY_PREMIUM": 3102,
    "PAYMENT_AMOUNT": 18612
  },
  {
    "POLICY_PLAN": "TCI6F3-AGE60-65",
    "POLICY_SUMINSURED": 1000000,
    "POLICY_PREMIUM": 8299,
    "PAYMENT_AMOUNT": 49794
  },
  {
    "POLICY_PLAN": "TCI6F3-AGE50-59",
    "POLICY_SUMINSURED": 1000000,
    "POLICY_PREMIUM": 5718,
    "PAYMENT_AMOUNT": 34308
  },
  {
    "POLICY_PLAN": "TCI6F3-AGE40-49",
    "POLICY_SUMINSURED": 1000000,
    "POLICY_PREMIUM": 3742,
    "PAYMENT_AMOUNT": 22452
  },
  {
    "POLICY_PLAN": "TCI6F3-AGE01-39",
    "POLICY_SUMINSURED": 1000000,
    "POLICY_PREMIUM": 2083,
    "PAYMENT_AMOUNT": 12498
  },
  {
    "POLICY_PLAN": "TCI6F2-AGE60-65",
    "POLICY_SUMINSURED": 500000,
    "POLICY_PREMIUM": 4171,
    "PAYMENT_AMOUNT": 25026
  },
  {
    "POLICY_PLAN": "TCI6F2-AGE50-59",
    "POLICY_SUMINSURED": 500000,
    "POLICY_PREMIUM": 2881,
    "PAYMENT_AMOUNT": 17286
  },
  {
    "POLICY_PLAN": "TCI6F2-AGE40-49",
    "POLICY_SUMINSURED": 500000,
    "POLICY_PREMIUM": 1893,
    "PAYMENT_AMOUNT": 11358
  },
  {
    "POLICY_PLAN": "TCI6F2-AGE01-39",
    "POLICY_SUMINSURED": 500000,
    "POLICY_PREMIUM": 1063,
    "PAYMENT_AMOUNT": 6378
  },
  {
    "POLICY_PLAN": "TCI6F1-AGE60-65",
    "POLICY_SUMINSURED": 300000,
    "POLICY_PREMIUM": 2516,
    "PAYMENT_AMOUNT": 15096
  },
  {
    "POLICY_PLAN": "TCI6F1-AGE50-59",
    "POLICY_SUMINSURED": 300000,
    "POLICY_PREMIUM": 1743,
    "PAYMENT_AMOUNT": 10458
  },
  {
    "POLICY_PLAN": "TCI6F1-AGE40-49",
    "POLICY_SUMINSURED": 300000,
    "POLICY_PREMIUM": 1151,
    "PAYMENT_AMOUNT": 6906
  },
  {
    "POLICY_PLAN": "TCI6F1-AGE01-39",
    "POLICY_SUMINSURED": 300000,
    "POLICY_PREMIUM": 654,
    "PAYMENT_AMOUNT": 3924
  }
]