[
  {"POLICY_PLAN":"YPROCANCER1-AGE1-39","POLICY_SUMINSURED":300000,"PAYMENT_AMOUNT":1932,"POLICY_PREMIUM":1932},
  {"POLICY_PLAN":"YPROCANCER1-AGE40-44","POLICY_SUMINSURED":300000,"PAYMENT_AMOUNT":3113,"POLICY_PREMIUM":3113},
  {"POLICY_PLAN":"YPROCANCER1-AGE45-49","POLICY_SUMINSURED":300000,"PAYMENT_AMOUNT":4926,"POLICY_PREMIUM":4926},
  {"POLICY_PLAN":"YPROCANCER1-AGE50-54","POLICY_SUMINSURED":300000,"PAYMENT_AMOUNT":5832,"POLICY_PREMIUM":5832},
  {"POLICY_PLAN":"YPROCANCER1-AGE55-59","POLICY_SUMINSURED":300000,"PAYMENT_AMOUNT":6335,"POLICY_PREMIUM":6335},
  {"POLICY_PLAN":"YPROCANCER1-AGE60-65","POLICY_SUMINSURED":300000,"PAYMENT_AMOUNT":9645,"POLICY_PREMIUM":9645},
  {"POLICY_PLAN":"YPROCANCER2-AGE1-39","POLICY_SUMINSURED":500000,"PAYMENT_AMOUNT":3205,"POLICY_PREMIUM":3205},
  {"POLICY_PLAN":"YPROCANCER2-AGE40-44","POLICY_SUMINSURED":500000,"PAYMENT_AMOUNT":5173,"POLICY_PREMIUM":5173},
  {"POLICY_PLAN":"YPROCANCER2-AGE45-49","POLICY_SUMINSURED":500000,"PAYMENT_AMOUNT":8193,"POLICY_PREMIUM":8193},
  {"POLICY_PLAN":"YPROCANCER2-AGE50-54","POLICY_SUMINSURED":500000,"PAYMENT_AMOUNT":9704,"POLICY_PREMIUM":9704},
  {"POLICY_PLAN":"YPROCANCER2-AGE55-59","POLICY_SUMINSURED":500000,"PAYMENT_AMOUNT":10540,"POLICY_PREMIUM":10540},
  {"POLICY_PLAN":"YPROCANCER2-AGE60-65","POLICY_SUMINSURED":500000,"PAYMENT_AMOUNT":16057,"POLICY_PREMIUM":16057},
  {"POLICY_PLAN":"YPROCANCER3-AGE1-39","POLICY_SUMINSURED":700000,"PAYMENT_AMOUNT":4477,"POLICY_PREMIUM":4477},
  {"POLICY_PLAN":"YPROCANCER3-AGE40-44","POLICY_SUMINSURED":700000,"PAYMENT_AMOUNT":7232,"POLICY_PREMIUM":7232},
  {"POLICY_PLAN":"YPROCANCER3-AGE45-49","POLICY_SUMINSURED":700000,"PAYMENT_AMOUNT":11461,"POLICY_PREMIUM":11461},
  {"POLICY_PLAN":"YPROCANCER3-AGE50-54","POLICY_SUMINSURED":700000,"PAYMENT_AMOUNT":13575,"POLICY_PREMIUM":13575},
  {"POLICY_PLAN":"YPROCANCER3-AGE55-59","POLICY_SUMINSURED":700000,"PAYMENT_AMOUNT":14748,"POLICY_PREMIUM":14748},
  {"POLICY_PLAN":"YPROCANCER3-AGE60-65","POLICY_SUMINSURED":700000,"PAYMENT_AMOUNT":22470,"POLICY_PREMIUM":22470},
  {"POLICY_PLAN":"YPROCANCER4-AGE1-39","POLICY_SUMINSURED":1000000,"PAYMENT_AMOUNT":6385,"POLICY_PREMIUM":6385},
  {"POLICY_PLAN":"YPROCANCER4-AGE40-44","POLICY_SUMINSURED":1000000,"PAYMENT_AMOUNT":10322,"POLICY_PREMIUM":10322},
  {"POLICY_PLAN":"YPROCANCER4-AGE45-49","POLICY_SUMINSURED":1000000,"PAYMENT_AMOUNT":16363,"POLICY_PREMIUM":16363},
  {"POLICY_PLAN":"YPROCANCER4-AGE50-54","POLICY_SUMINSURED":1000000,"PAYMENT_AMOUNT":19384,"POLICY_PREMIUM":19384},
  {"POLICY_PLAN":"YPROCANCER4-AGE55-59","POLICY_SUMINSURED":1000000,"PAYMENT_AMOUNT":21057,"POLICY_PREMIUM":21057},
  {"POLICY_PLAN":"YPROCANCER4-AGE60-65","POLICY_SUMINSURED":1000000,"PAYMENT_AMOUNT":32087,"POLICY_PREMIUM":32087},
  {"POLICY_PLAN":"YPROCANCER5-AGE1-39","POLICY_SUMINSURED":1500000,"PAYMENT_AMOUNT":9567,"POLICY_PREMIUM":9567},
  {"POLICY_PLAN":"YPROCANCER5-AGE40-44","POLICY_SUMINSURED":1500000,"PAYMENT_AMOUNT":15469,"POLICY_PREMIUM":15469},
  {"POLICY_PLAN":"YPROCANCER5-AGE45-49","POLICY_SUMINSURED":1500000,"PAYMENT_AMOUNT":24533,"POLICY_PREMIUM":24533},
  {"POLICY_PLAN":"YPROCANCER5-AGE50-54","POLICY_SUMINSURED":1500000,"PAYMENT_AMOUNT":29063,"POLICY_PREMIUM":29063},
  {"POLICY_PLAN":"YPROCANCER5-AGE55-59","POLICY_SUMINSURED":1500000,"PAYMENT_AMOUNT":31572,"POLICY_PREMIUM":31572},
  {"POLICY_PLAN":"YPROCANCER5-AGE60-65","POLICY_SUMINSURED":1500000,"PAYMENT_AMOUNT":48117,"POLICY_PREMIUM":48117},
  {"POLICY_PLAN":"YPROCANCER6-AGE1-39","POLICY_SUMINSURED":2000000,"PAYMENT_AMOUNT":12746,"POLICY_PREMIUM":12746},
  {"POLICY_PLAN":"YPROCANCER6-AGE40-44","POLICY_SUMINSURED":2000000,"PAYMENT_AMOUNT":20617,"POLICY_PREMIUM":20617},
  {"POLICY_PLAN":"YPROCANCER6-AGE45-49","POLICY_SUMINSURED":2000000,"PAYMENT_AMOUNT":32701,"POLICY_PREMIUM":32701},
  {"POLICY_PLAN":"YPROCANCER6-AGE50-54","POLICY_SUMINSURED":2000000,"PAYMENT_AMOUNT":38744,"POLICY_PREMIUM":38744},
  {"POLICY_PLAN":"YPROCANCER6-AGE55-59","POLICY_SUMINSURED":2000000,"PAYMENT_AMOUNT":42088,"POLICY_PREMIUM":42088},
  {"POLICY_PLAN":"YPROCANCER6-AGE60-65","POLICY_SUMINSURED":2000000,"PAYMENT_AMOUNT":64148,"POLICY_PREMIUM":64148},
  {"POLICY_PLAN":"YPROCANCER7-AGE1-39","POLICY_SUMINSURED":300000,"PAYMENT_AMOUNT":2059,"POLICY_PREMIUM":2059},
  {"POLICY_PLAN":"YPROCANCER7-AGE40-44","POLICY_SUMINSURED":300000,"PAYMENT_AMOUNT":3319,"POLICY_PREMIUM":3319},
  {"POLICY_PLAN":"YPROCANCER7-AGE45-49","POLICY_SUMINSURED":300000,"PAYMENT_AMOUNT":5253,"POLICY_PREMIUM":5253},
  {"POLICY_PLAN":"YPROCANCER7-AGE50-54","POLICY_SUMINSURED":300000,"PAYMENT_AMOUNT":6219,"POLICY_PREMIUM":6219},
  {"POLICY_PLAN":"YPROCANCER7-AGE55-59","POLICY_SUMINSURED":300000,"PAYMENT_AMOUNT":6757,"POLICY_PREMIUM":6757},
  {"POLICY_PLAN":"YPROCANCER7-AGE60-65","POLICY_SUMINSURED":300000,"PAYMENT_AMOUNT":10285,"POLICY_PREMIUM":10285},
  {"POLICY_PLAN":"YPROCANCER8-AGE1-39","POLICY_SUMINSURED":500000,"PAYMENT_AMOUNT":3396,"POLICY_PREMIUM":3396},
  {"POLICY_PLAN":"YPROCANCER8-AGE40-44","POLICY_SUMINSURED":500000,"PAYMENT_AMOUNT":5482,"POLICY_PREMIUM":5482},
  {"POLICY_PLAN":"YPROCANCER8-AGE45-49","POLICY_SUMINSURED":500000,"PAYMENT_AMOUNT":8683,"POLICY_PREMIUM":8683},
  {"POLICY_PLAN":"YPROCANCER8-AGE50-54","POLICY_SUMINSURED":500000,"PAYMENT_AMOUNT":10285,"POLICY_PREMIUM":10285},
  {"POLICY_PLAN":"YPROCANCER8-AGE55-59","POLICY_SUMINSURED":500000,"PAYMENT_AMOUNT":11172,"POLICY_PREMIUM":11172},
  {"POLICY_PLAN":"YPROCANCER8-AGE60-65","POLICY_SUMINSURED":500000,"PAYMENT_AMOUNT":17018,"POLICY_PREMIUM":17018},
  {"POLICY_PLAN":"YPROCANCER9-AGE1-39","POLICY_SUMINSURED":700000,"PAYMENT_AMOUNT":4732,"POLICY_PREMIUM":4732},
  {"POLICY_PLAN":"YPROCANCER9-AGE40-44","POLICY_SUMINSURED":700000,"PAYMENT_AMOUNT":7643,"POLICY_PREMIUM":7643},
  {"POLICY_PLAN":"YPROCANCER9-AGE45-49","POLICY_SUMINSURED":700000,"PAYMENT_AMOUNT":12114,"POLICY_PREMIUM":12114},
  {"POLICY_PLAN":"YPROCANCER9-AGE50-54","POLICY_SUMINSURED":700000,"PAYMENT_AMOUNT":14350,"POLICY_PREMIUM":14350},
  {"POLICY_PLAN":"YPROCANCER9-AGE55-59","POLICY_SUMINSURED":700000,"PAYMENT_AMOUNT":15589,"POLICY_PREMIUM":15589},
  {"POLICY_PLAN":"YPROCANCER9-AGE60-65","POLICY_SUMINSURED":700000,"PAYMENT_AMOUNT":23752,"POLICY_PREMIUM":23752},
  {"POLICY_PLAN":"YPROCANCER10-AGE1-39","POLICY_SUMINSURED":1000000,"PAYMENT_AMOUNT":6702,"POLICY_PREMIUM":6702},
  {"POLICY_PLAN":"YPROCANCER10-AGE40-44","POLICY_SUMINSURED":1000000,"PAYMENT_AMOUNT":10836,"POLICY_PREMIUM":10836},
  {"POLICY_PLAN":"YPROCANCER10-AGE45-49","POLICY_SUMINSURED":1000000,"PAYMENT_AMOUNT":17179,"POLICY_PREMIUM":17179},
  {"POLICY_PLAN":"YPROCANCER10-AGE50-54","POLICY_SUMINSURED":1000000,"PAYMENT_AMOUNT":20351,"POLICY_PREMIUM":20351},
  {"POLICY_PLAN":"YPROCANCER10-AGE55-59","POLICY_SUMINSURED":1000000,"PAYMENT_AMOUNT":22108,"POLICY_PREMIUM":22108},
  {"POLICY_PLAN":"YPROCANCER10-AGE60-65","POLICY_SUMINSURED":1000000,"PAYMENT_AMOUNT":33690,"POLICY_PREMIUM":33690},
  {"POLICY_PLAN":"YPROCANCER11-AGE1-39","POLICY_SUMINSURED":1500000,"PAYMENT_AMOUNT":10042,"POLICY_PREMIUM":10042},
  {"POLICY_PLAN":"YPROCANCER11-AGE40-44","POLICY_SUMINSURED":1500000,"PAYMENT_AMOUNT":16241,"POLICY_PREMIUM":16241},
  {"POLICY_PLAN":"YPROCANCER11-AGE45-49","POLICY_SUMINSURED":1500000,"PAYMENT_AMOUNT":25757,"POLICY_PREMIUM":25757},
  {"POLICY_PLAN":"YPROCANCER11-AGE50-54","POLICY_SUMINSURED":1500000,"PAYMENT_AMOUNT":30516,"POLICY_PREMIUM":30516},
  {"POLICY_PLAN":"YPROCANCER11-AGE55-59","POLICY_SUMINSURED":1500000,"PAYMENT_AMOUNT":33149,"POLICY_PREMIUM":33149},
  {"POLICY_PLAN":"YPROCANCER11-AGE60-65","POLICY_SUMINSURED":1500000,"PAYMENT_AMOUNT":50521,"POLICY_PREMIUM":50521},
  {"POLICY_PLAN":"YPROCANCER12-AGE1-39","POLICY_SUMINSURED":2000000,"PAYMENT_AMOUNT":13382,"POLICY_PREMIUM":13382},
  {"POLICY_PLAN":"YPROCANCER12-AGE40-44","POLICY_SUMINSURED":2000000,"PAYMENT_AMOUNT":21648,"POLICY_PREMIUM":21648},
  {"POLICY_PLAN":"YPROCANCER12-AGE45-49","POLICY_SUMINSURED":2000000,"PAYMENT_AMOUNT":34336,"POLICY_PREMIUM":34336},
  {"POLICY_PLAN":"YPROCANCER12-AGE50-54","POLICY_SUMINSURED":2000000,"PAYMENT_AMOUNT":40680,"POLICY_PREMIUM":40680},
  {"POLICY_PLAN":"YPROCANCER12-AGE55-59","POLICY_SUMINSURED":2000000,"PAYMENT_AMOUNT":44191,"POLICY_PREMIUM":44191},
  {"POLICY_PLAN":"YPROCANCER12-AGE60-65","POLICY_SUMINSURED":2000000,"PAYMENT_AMOUNT":67354,"POLICY_PREMIUM":67354},
  {"POLICY_PLAN":"SPROCANCER1-AGE1-39","POLICY_SUMINSURED":300000,"PAYMENT_AMOUNT":996,"POLICY_PREMIUM":1992},
  {"POLICY_PLAN":"SPROCANCER1-AGE40-44","POLICY_SUMINSURED":300000,"PAYMENT_AMOUNT":1604,"POLICY_PREMIUM":3208},
  {"POLICY_PLAN":"SPROCANCER1-AGE45-49","POLICY_SUMINSURED":300000,"PAYMENT_AMOUNT":2537,"POLICY_PREMIUM":5074},
  {"POLICY_PLAN":"SPROCANCER1-AGE50-54","POLICY_SUMINSURED":300000,"PAYMENT_AMOUNT":3005,"POLICY_PREMIUM":6010},
  {"POLICY_PLAN":"SPROCANCER1-AGE55-59","POLICY_SUMINSURED":300000,"PAYMENT_AMOUNT":3262,"POLICY_PREMIUM":6524},
  {"POLICY_PLAN":"SPROCANCER1-AGE60-65","POLICY_SUMINSURED":300000,"PAYMENT_AMOUNT":4968,"POLICY_PREMIUM":9936},
  {"POLICY_PLAN":"SPROCANCER2-AGE1-39","POLICY_SUMINSURED":500000,"PAYMENT_AMOUNT":1651,"POLICY_PREMIUM":3302},
  {"POLICY_PLAN":"SPROCANCER2-AGE40-44","POLICY_SUMINSURED":500000,"PAYMENT_AMOUNT":2665,"POLICY_PREMIUM":5330},
  {"POLICY_PLAN":"SPROCANCER2-AGE45-49","POLICY_SUMINSURED":500000,"PAYMENT_AMOUNT":4221,"POLICY_PREMIUM":8442},
  {"POLICY_PLAN":"SPROCANCER2-AGE50-54","POLICY_SUMINSURED":500000,"PAYMENT_AMOUNT":4999,"POLICY_PREMIUM":9998},
  {"POLICY_PLAN":"SPROCANCER2-AGE55-59","POLICY_SUMINSURED":500000,"PAYMENT_AMOUNT":5429,"POLICY_PREMIUM":10858},
  {"POLICY_PLAN":"SPROCANCER2-AGE60-65","POLICY_SUMINSURED":500000,"PAYMENT_AMOUNT":8271,"POLICY_PREMIUM":16542},
  {"POLICY_PLAN":"SPROCANCER3-AGE1-39","POLICY_SUMINSURED":700000,"PAYMENT_AMOUNT":2306,"POLICY_PREMIUM":4612},
  {"POLICY_PLAN":"SPROCANCER3-AGE40-44","POLICY_SUMINSURED":700000,"PAYMENT_AMOUNT":3726,"POLICY_PREMIUM":7452},
  {"POLICY_PLAN":"SPROCANCER3-AGE45-49","POLICY_SUMINSURED":700000,"PAYMENT_AMOUNT":5903,"POLICY_PREMIUM":11806},
  {"POLICY_PLAN":"SPROCANCER3-AGE50-54","POLICY_SUMINSURED":700000,"PAYMENT_AMOUNT":6993,"POLICY_PREMIUM":13986},
  {"POLICY_PLAN":"SPROCANCER3-AGE55-59","POLICY_SUMINSURED":700000,"PAYMENT_AMOUNT":7595,"POLICY_PREMIUM":15190},
  {"POLICY_PLAN":"SPROCANCER3-AGE60-65","POLICY_SUMINSURED":700000,"PAYMENT_AMOUNT":11572,"POLICY_PREMIUM":23144},
  {"POLICY_PLAN":"SPROCANCER4-AGE1-39","POLICY_SUMINSURED":1000000,"PAYMENT_AMOUNT":3289,"POLICY_PREMIUM":6578},
  {"POLICY_PLAN":"SPROCANCER4-AGE40-44","POLICY_SUMINSURED":1000000,"PAYMENT_AMOUNT":5316,"POLICY_PREMIUM":10632},
  {"POLICY_PLAN":"SPROCANCER4-AGE45-49","POLICY_SUMINSURED":1000000,"PAYMENT_AMOUNT":8428,"POLICY_PREMIUM":16856},
  {"POLICY_PLAN":"SPROCANCER4-AGE50-54","POLICY_SUMINSURED":1000000,"PAYMENT_AMOUNT":9984,"POLICY_PREMIUM":19968},
  {"POLICY_PLAN":"SPROCANCER4-AGE55-59","POLICY_SUMINSURED":1000000,"PAYMENT_AMOUNT":10845,"POLICY_PREMIUM":21690},
  {"POLICY_PLAN":"SPROCANCER4-AGE60-65","POLICY_SUMINSURED":1000000,"PAYMENT_AMOUNT":16526,"POLICY_PREMIUM":33052},
  {"POLICY_PLAN":"SPROCANCER5-AGE1-39","POLICY_SUMINSURED":1500000,"PAYMENT_AMOUNT":4928,"POLICY_PREMIUM":9856},
  {"POLICY_PLAN":"SPROCANCER5-AGE40-44","POLICY_SUMINSURED":1500000,"PAYMENT_AMOUNT":7967,"POLICY_PREMIUM":15934},
  {"POLICY_PLAN":"SPROCANCER5-AGE45-49","POLICY_SUMINSURED":1500000,"PAYMENT_AMOUNT":12634,"POLICY_PREMIUM":25268},
  {"POLICY_PLAN":"SPROCANCER5-AGE50-54","POLICY_SUMINSURED":1500000,"PAYMENT_AMOUNT":14970,"POLICY_PREMIUM":29940},
  {"POLICY_PLAN":"SPROCANCER5-AGE55-59","POLICY_SUMINSURED":1500000,"PAYMENT_AMOUNT":16260,"POLICY_PREMIUM":32520},
  {"POLICY_PLAN":"SPROCANCER5-AGE60-65","POLICY_SUMINSURED":1500000,"PAYMENT_AMOUNT":24782,"POLICY_PREMIUM":49564},
  {"POLICY_PLAN":"SPROCANCER6-AGE1-39","POLICY_SUMINSURED":2000000,"PAYMENT_AMOUNT":6566,"POLICY_PREMIUM":13132},
  {"POLICY_PLAN":"SPROCANCER6-AGE40-44","POLICY_SUMINSURED":2000000,"PAYMENT_AMOUNT":10620,"POLICY_PREMIUM":21240},
  {"POLICY_PLAN":"SPROCANCER6-AGE45-49","POLICY_SUMINSURED":2000000,"PAYMENT_AMOUNT":16842,"POLICY_PREMIUM":33684},
  {"POLICY_PLAN":"SPROCANCER6-AGE50-54","POLICY_SUMINSURED":2000000,"PAYMENT_AMOUNT":19954,"POLICY_PREMIUM":39908},
  {"POLICY_PLAN":"SPROCANCER6-AGE55-59","POLICY_SUMINSURED":2000000,"PAYMENT_AMOUNT":21675,"POLICY_PREMIUM":43350},
  {"POLICY_PLAN":"SPROCANCER6-AGE60-65","POLICY_SUMINSURED":2000000,"PAYMENT_AMOUNT":33037,"POLICY_PREMIUM":66074},
  {"POLICY_PLAN":"SPROCANCER7-AGE1-39","POLICY_SUMINSURED":300000,"PAYMENT_AMOUNT":1062,"POLICY_PREMIUM":2124},
  {"POLICY_PLAN":"SPROCANCER7-AGE40-44","POLICY_SUMINSURED":300000,"PAYMENT_AMOUNT":1710,"POLICY_PREMIUM":3420},
  {"POLICY_PLAN":"SPROCANCER7-AGE45-49","POLICY_SUMINSURED":300000,"PAYMENT_AMOUNT":2706,"POLICY_PREMIUM":5412},
  {"POLICY_PLAN":"SPROCANCER7-AGE50-54","POLICY_SUMINSURED":300000,"PAYMENT_AMOUNT":3204,"POLICY_PREMIUM":6408},
  {"POLICY_PLAN":"SPROCANCER7-AGE55-59","POLICY_SUMINSURED":300000,"PAYMENT_AMOUNT":3479,"POLICY_PREMIUM":6958},
  {"POLICY_PLAN":"SPROCANCER7-AGE60-65","POLICY_SUMINSURED":300000,"PAYMENT_AMOUNT":5298,"POLICY_PREMIUM":10596},
  {"POLICY_PLAN":"SPROCANCER8-AGE1-39","POLICY_SUMINSURED":500000,"PAYMENT_AMOUNT":1749,"POLICY_PREMIUM":3498},
  {"POLICY_PLAN":"SPROCANCER8-AGE40-44","POLICY_SUMINSURED":500000,"PAYMENT_AMOUNT":2824,"POLICY_PREMIUM":5648},
  {"POLICY_PLAN":"SPROCANCER8-AGE45-49","POLICY_SUMINSURED":500000,"PAYMENT_AMOUNT":4473,"POLICY_PREMIUM":8946},
  {"POLICY_PLAN":"SPROCANCER8-AGE50-54","POLICY_SUMINSURED":500000,"PAYMENT_AMOUNT":5298,"POLICY_PREMIUM":10596},
  {"POLICY_PLAN":"SPROCANCER8-AGE55-59","POLICY_SUMINSURED":500000,"PAYMENT_AMOUNT":5754,"POLICY_PREMIUM":11508},
  {"POLICY_PLAN":"SPROCANCER8-AGE60-65","POLICY_SUMINSURED":500000,"PAYMENT_AMOUNT":8765,"POLICY_PREMIUM":17530},
  {"POLICY_PLAN":"SPROCANCER9-AGE1-39","POLICY_SUMINSURED":700000,"PAYMENT_AMOUNT":2437,"POLICY_PREMIUM":4874},
  {"POLICY_PLAN":"SPROCANCER9-AGE40-44","POLICY_SUMINSURED":700000,"PAYMENT_AMOUNT":3937,"POLICY_PREMIUM":7874},
  {"POLICY_PLAN":"SPROCANCER9-AGE45-49","POLICY_SUMINSURED":700000,"PAYMENT_AMOUNT":6241,"POLICY_PREMIUM":12482},
  {"POLICY_PLAN":"SPROCANCER9-AGE50-54","POLICY_SUMINSURED":700000,"PAYMENT_AMOUNT":7392,"POLICY_PREMIUM":14784},
  {"POLICY_PLAN":"SPROCANCER9-AGE55-59","POLICY_SUMINSURED":700000,"PAYMENT_AMOUNT":8029,"POLICY_PREMIUM":16058},
  {"POLICY_PLAN":"SPROCANCER9-AGE60-65","POLICY_SUMINSURED":700000,"PAYMENT_AMOUNT":12233,"POLICY_PREMIUM":24466},
  {"POLICY_PLAN":"SPROCANCER10-AGE1-39","POLICY_SUMINSURED":1000000,"PAYMENT_AMOUNT":3454,"POLICY_PREMIUM":6908},
  {"POLICY_PLAN":"SPROCANCER10-AGE40-44","POLICY_SUMINSURED":1000000,"PAYMENT_AMOUNT":5581,"POLICY_PREMIUM":11162},
  {"POLICY_PLAN":"SPROCANCER10-AGE45-49","POLICY_SUMINSURED":1000000,"PAYMENT_AMOUNT":8848,"POLICY_PREMIUM":17696},
  {"POLICY_PLAN":"SPROCANCER10-AGE50-54","POLICY_SUMINSURED":1000000,"PAYMENT_AMOUNT":10482,"POLICY_PREMIUM":20964},
  {"POLICY_PLAN":"SPROCANCER10-AGE55-59","POLICY_SUMINSURED":1000000,"PAYMENT_AMOUNT":11386,"POLICY_PREMIUM":22772},
  {"POLICY_PLAN":"SPROCANCER10-AGE60-65","POLICY_SUMINSURED":1000000,"PAYMENT_AMOUNT":17352,"POLICY_PREMIUM":34704},
  {"POLICY_PLAN":"SPROCANCER11-AGE1-39","POLICY_SUMINSURED":1500000,"PAYMENT_AMOUNT":5173,"POLICY_PREMIUM":10346},
  {"POLICY_PLAN":"SPROCANCER11-AGE40-44","POLICY_SUMINSURED":1500000,"PAYMENT_AMOUNT":8365,"POLICY_PREMIUM":16730},
  {"POLICY_PLAN":"SPROCANCER11-AGE45-49","POLICY_SUMINSURED":1500000,"PAYMENT_AMOUNT":13266,"POLICY_PREMIUM":26532},
  {"POLICY_PLAN":"SPROCANCER11-AGE50-54","POLICY_SUMINSURED":1500000,"PAYMENT_AMOUNT":15716,"POLICY_PREMIUM":31432},
  {"POLICY_PLAN":"SPROCANCER11-AGE55-59","POLICY_SUMINSURED":1500000,"PAYMENT_AMOUNT":17073,"POLICY_PREMIUM":34146},
  {"POLICY_PLAN":"SPROCANCER11-AGE60-65","POLICY_SUMINSURED":1500000,"PAYMENT_AMOUNT":26019,"POLICY_PREMIUM":52038},
  {"POLICY_PLAN":"SPROCANCER12-AGE1-39","POLICY_SUMINSURED":2000000,"PAYMENT_AMOUNT":6892,"POLICY_PREMIUM":13784},
  {"POLICY_PLAN":"SPROCANCER12-AGE40-44","POLICY_SUMINSURED":2000000,"PAYMENT_AMOUNT":11150,"POLICY_PREMIUM":22300},
  {"POLICY_PLAN":"SPROCANCER12-AGE45-49","POLICY_SUMINSURED":2000000,"PAYMENT_AMOUNT":17684,"POLICY_PREMIUM":35368},
  {"POLICY_PLAN":"SPROCANCER12-AGE50-54","POLICY_SUMINSURED":2000000,"PAYMENT_AMOUNT":20951,"POLICY_PREMIUM":41902},
  {"POLICY_PLAN":"SPROCANCER12-AGE55-59","POLICY_SUMINSURED":2000000,"PAYMENT_AMOUNT":22758,"POLICY_PREMIUM":45516},
  {"POLICY_PLAN":"SPROCANCER12-AGE60-65","POLICY_SUMINSURED":2000000,"PAYMENT_AMOUNT":34688,"POLICY_PREMIUM":69376},
  {"POLICY_PLAN":"QPROCANCER1-AGE1-39","POLICY_SUMINSURED":300000,"PAYMENT_AMOUNT":499,"POLICY_PREMIUM":1996},
  {"POLICY_PLAN":"QPROCANCER1-AGE40-44","POLICY_SUMINSURED":300000,"PAYMENT_AMOUNT":803,"POLICY_PREMIUM":3212},
  {"POLICY_PLAN":"QPROCANCER1-AGE45-49","POLICY_SUMINSURED":300000,"PAYMENT_AMOUNT":1269,"POLICY_PREMIUM":5076},
  {"POLICY_PLAN":"QPROCANCER1-AGE50-54","POLICY_SUMINSURED":300000,"PAYMENT_AMOUNT":1503,"POLICY_PREMIUM":6012},
  {"POLICY_PLAN":"QPROCANCER1-AGE55-59","POLICY_SUMINSURED":300000,"PAYMENT_AMOUNT":1632,"POLICY_PREMIUM":6528},
  {"POLICY_PLAN":"QPROCANCER1-AGE60-65","POLICY_SUMINSURED":300000,"PAYMENT_AMOUNT":2485,"POLICY_PREMIUM":9940},
  {"POLICY_PLAN":"QPROCANCER2-AGE1-39","POLICY_SUMINSURED":500000,"PAYMENT_AMOUNT":826,"POLICY_PREMIUM":3304},
  {"POLICY_PLAN":"QPROCANCER2-AGE40-44","POLICY_SUMINSURED":500000,"PAYMENT_AMOUNT":1333,"POLICY_PREMIUM":5332},
  {"POLICY_PLAN":"QPROCANCER2-AGE45-49","POLICY_SUMINSURED":500000,"PAYMENT_AMOUNT":2112,"POLICY_PREMIUM":8448},
  {"POLICY_PLAN":"QPROCANCER2-AGE50-54","POLICY_SUMINSURED":500000,"PAYMENT_AMOUNT":2500,"POLICY_PREMIUM":10000},
  {"POLICY_PLAN":"QPROCANCER2-AGE55-59","POLICY_SUMINSURED":500000,"PAYMENT_AMOUNT":2715,"POLICY_PREMIUM":10860},
  {"POLICY_PLAN":"QPROCANCER2-AGE60-65","POLICY_SUMINSURED":500000,"PAYMENT_AMOUNT":4137,"POLICY_PREMIUM":16548},
  {"POLICY_PLAN":"QPROCANCER3-AGE1-39","POLICY_SUMINSURED":700000,"PAYMENT_AMOUNT":1154,"POLICY_PREMIUM":4616},
  {"POLICY_PLAN":"QPROCANCER3-AGE40-44","POLICY_SUMINSURED":700000,"PAYMENT_AMOUNT":1864,"POLICY_PREMIUM":7456},
  {"POLICY_PLAN":"QPROCANCER3-AGE45-49","POLICY_SUMINSURED":700000,"PAYMENT_AMOUNT":2952,"POLICY_PREMIUM":11808},
  {"POLICY_PLAN":"QPROCANCER3-AGE50-54","POLICY_SUMINSURED":700000,"PAYMENT_AMOUNT":3497,"POLICY_PREMIUM":13988},
  {"POLICY_PLAN":"QPROCANCER3-AGE55-59","POLICY_SUMINSURED":700000,"PAYMENT_AMOUNT":3798,"POLICY_PREMIUM":15192},
  {"POLICY_PLAN":"QPROCANCER3-AGE60-65","POLICY_SUMINSURED":700000,"PAYMENT_AMOUNT":5787,"POLICY_PREMIUM":23148},
  {"POLICY_PLAN":"QPROCANCER4-AGE1-39","POLICY_SUMINSURED":1000000,"PAYMENT_AMOUNT":1645,"POLICY_PREMIUM":6580},
  {"POLICY_PLAN":"QPROCANCER4-AGE40-44","POLICY_SUMINSURED":1000000,"PAYMENT_AMOUNT":2659,"POLICY_PREMIUM":10636},
  {"POLICY_PLAN":"QPROCANCER4-AGE45-49","POLICY_SUMINSURED":1000000,"PAYMENT_AMOUNT":4215,"POLICY_PREMIUM":16860},
  {"POLICY_PLAN":"QPROCANCER4-AGE50-54","POLICY_SUMINSURED":1000000,"PAYMENT_AMOUNT":4993,"POLICY_PREMIUM":19972},
  {"POLICY_PLAN":"QPROCANCER4-AGE55-59","POLICY_SUMINSURED":1000000,"PAYMENT_AMOUNT":5423,"POLICY_PREMIUM":21692},
  {"POLICY_PLAN":"QPROCANCER4-AGE60-65","POLICY_SUMINSURED":1000000,"PAYMENT_AMOUNT":8264,"POLICY_PREMIUM":33056},
  {"POLICY_PLAN":"QPROCANCER5-AGE1-39","POLICY_SUMINSURED":1500000,"PAYMENT_AMOUNT":2464,"POLICY_PREMIUM":9856},
  {"POLICY_PLAN":"QPROCANCER5-AGE40-44","POLICY_SUMINSURED":1500000,"PAYMENT_AMOUNT":3985,"POLICY_PREMIUM":15940},
  {"POLICY_PLAN":"QPROCANCER5-AGE45-49","POLICY_SUMINSURED":1500000,"PAYMENT_AMOUNT":6318,"POLICY_PREMIUM":25272},
  {"POLICY_PLAN":"QPROCANCER5-AGE50-54","POLICY_SUMINSURED":1500000,"PAYMENT_AMOUNT":7486,"POLICY_PREMIUM":29944},
  {"POLICY_PLAN":"QPROCANCER5-AGE55-59","POLICY_SUMINSURED":1500000,"PAYMENT_AMOUNT":8130,"POLICY_PREMIUM":32520},
  {"POLICY_PLAN":"QPROCANCER5-AGE60-65","POLICY_SUMINSURED":1500000,"PAYMENT_AMOUNT":12392,"POLICY_PREMIUM":49568},
  {"POLICY_PLAN":"QPROCANCER6-AGE1-39","POLICY_SUMINSURED":2000000,"PAYMENT_AMOUNT":3283,"POLICY_PREMIUM":13132},
  {"POLICY_PLAN":"QPROCANCER6-AGE40-44","POLICY_SUMINSURED":2000000,"PAYMENT_AMOUNT":5310,"POLICY_PREMIUM":21240},
  {"POLICY_PLAN":"QPROCANCER6-AGE45-49","POLICY_SUMINSURED":2000000,"PAYMENT_AMOUNT":8422,"POLICY_PREMIUM":33688},
  {"POLICY_PLAN":"QPROCANCER6-AGE50-54","POLICY_SUMINSURED":2000000,"PAYMENT_AMOUNT":9977,"POLICY_PREMIUM":39908},
  {"POLICY_PLAN":"QPROCANCER6-AGE55-59","POLICY_SUMINSURED":2000000,"PAYMENT_AMOUNT":10838,"POLICY_PREMIUM":43352},
  {"POLICY_PLAN":"QPROCANCER6-AGE60-65","POLICY_SUMINSURED":2000000,"PAYMENT_AMOUNT":16520,"POLICY_PREMIUM":66080},
  {"POLICY_PLAN":"QPROCANCER7-AGE1-39","POLICY_SUMINSURED":300000,"PAYMENT_AMOUNT":532,"POLICY_PREMIUM":2128},
  {"POLICY_PLAN":"QPROCANCER7-AGE40-44","POLICY_SUMINSURED":300000,"PAYMENT_AMOUNT":856,"POLICY_PREMIUM":3424},
  {"POLICY_PLAN":"QPROCANCER7-AGE45-49","POLICY_SUMINSURED":300000,"PAYMENT_AMOUNT":1354,"POLICY_PREMIUM":5416},
  {"POLICY_PLAN":"QPROCANCER7-AGE50-54","POLICY_SUMINSURED":300000,"PAYMENT_AMOUNT":1603,"POLICY_PREMIUM":6412},
  {"POLICY_PLAN":"QPROCANCER7-AGE55-59","POLICY_SUMINSURED":300000,"PAYMENT_AMOUNT":1740,"POLICY_PREMIUM":6960},
  {"POLICY_PLAN":"QPROCANCER7-AGE60-65","POLICY_SUMINSURED":300000,"PAYMENT_AMOUNT":2650,"POLICY_PREMIUM":10600},
  {"POLICY_PLAN":"QPROCANCER8-AGE1-39","POLICY_SUMINSURED":500000,"PAYMENT_AMOUNT":876,"POLICY_PREMIUM":3504},
  {"POLICY_PLAN":"QPROCANCER8-AGE40-44","POLICY_SUMINSURED":500000,"PAYMENT_AMOUNT":1413,"POLICY_PREMIUM":5652},
  {"POLICY_PLAN":"QPROCANCER8-AGE45-49","POLICY_SUMINSURED":500000,"PAYMENT_AMOUNT":2237,"POLICY_PREMIUM":8948},
  {"POLICY_PLAN":"QPROCANCER8-AGE50-54","POLICY_SUMINSURED":500000,"PAYMENT_AMOUNT":2650,"POLICY_PREMIUM":10600},
  {"POLICY_PLAN":"QPROCANCER8-AGE55-59","POLICY_SUMINSURED":500000,"PAYMENT_AMOUNT":2877,"POLICY_PREMIUM":11508},
  {"POLICY_PLAN":"QPROCANCER8-AGE60-65","POLICY_SUMINSURED":500000,"PAYMENT_AMOUNT":4383,"POLICY_PREMIUM":17532},
  {"POLICY_PLAN":"QPROCANCER9-AGE1-39","POLICY_SUMINSURED":700000,"PAYMENT_AMOUNT":1219,"POLICY_PREMIUM":4876},
  {"POLICY_PLAN":"QPROCANCER9-AGE40-44","POLICY_SUMINSURED":700000,"PAYMENT_AMOUNT":1969,"POLICY_PREMIUM":7876},
  {"POLICY_PLAN":"QPROCANCER9-AGE45-49","POLICY_SUMINSURED":700000,"PAYMENT_AMOUNT":3122,"POLICY_PREMIUM":12488},
  {"POLICY_PLAN":"QPROCANCER9-AGE50-54","POLICY_SUMINSURED":700000,"PAYMENT_AMOUNT":3697,"POLICY_PREMIUM":14788},
  {"POLICY_PLAN":"QPROCANCER9-AGE55-59","POLICY_SUMINSURED":700000,"PAYMENT_AMOUNT":4015,"POLICY_PREMIUM":16060},
  {"POLICY_PLAN":"QPROCANCER9-AGE60-65","POLICY_SUMINSURED":700000,"PAYMENT_AMOUNT":6117,"POLICY_PREMIUM":24468},
  {"POLICY_PLAN":"QPROCANCER10-AGE1-39","POLICY_SUMINSURED":1000000,"PAYMENT_AMOUNT":1728,"POLICY_PREMIUM":6912},
  {"POLICY_PLAN":"QPROCANCER10-AGE40-44","POLICY_SUMINSURED":1000000,"PAYMENT_AMOUNT":2791,"POLICY_PREMIUM":11164},
  {"POLICY_PLAN":"QPROCANCER10-AGE45-49","POLICY_SUMINSURED":1000000,"PAYMENT_AMOUNT":4425,"POLICY_PREMIUM":17700},
  {"POLICY_PLAN":"QPROCANCER10-AGE50-54","POLICY_SUMINSURED":1000000,"PAYMENT_AMOUNT":5242,"POLICY_PREMIUM":20968},
  {"POLICY_PLAN":"QPROCANCER10-AGE55-59","POLICY_SUMINSURED":1000000,"PAYMENT_AMOUNT":5693,"POLICY_PREMIUM":22772},
  {"POLICY_PLAN":"QPROCANCER10-AGE60-65","POLICY_SUMINSURED":1000000,"PAYMENT_AMOUNT":8677,"POLICY_PREMIUM":34708},
  {"POLICY_PLAN":"QPROCANCER11-AGE1-39","POLICY_SUMINSURED":1500000,"PAYMENT_AMOUNT":2587,"POLICY_PREMIUM":10348},
  {"POLICY_PLAN":"QPROCANCER11-AGE40-44","POLICY_SUMINSURED":1500000,"PAYMENT_AMOUNT":4184,"POLICY_PREMIUM":16736},
  {"POLICY_PLAN":"QPROCANCER11-AGE45-49","POLICY_SUMINSURED":1500000,"PAYMENT_AMOUNT":6633,"POLICY_PREMIUM":26532},
  {"POLICY_PLAN":"QPROCANCER11-AGE50-54","POLICY_SUMINSURED":1500000,"PAYMENT_AMOUNT":7859,"POLICY_PREMIUM":31436},
  {"POLICY_PLAN":"QPROCANCER11-AGE55-59","POLICY_SUMINSURED":1500000,"PAYMENT_AMOUNT":8537,"POLICY_PREMIUM":34148},
  {"POLICY_PLAN":"QPROCANCER11-AGE60-65","POLICY_SUMINSURED":1500000,"PAYMENT_AMOUNT":13010,"POLICY_PREMIUM":52040},
  {"POLICY_PLAN":"QPROCANCER12-AGE1-39","POLICY_SUMINSURED":2000000,"PAYMENT_AMOUNT":3447,"POLICY_PREMIUM":13788},
  {"POLICY_PLAN":"QPROCANCER12-AGE40-44","POLICY_SUMINSURED":2000000,"PAYMENT_AMOUNT":5575,"POLICY_PREMIUM":22300},
  {"POLICY_PLAN":"QPROCANCER12-AGE45-49","POLICY_SUMINSURED":2000000,"PAYMENT_AMOUNT":8843,"POLICY_PREMIUM":35372},
  {"POLICY_PLAN":"QPROCANCER12-AGE50-54","POLICY_SUMINSURED":2000000,"PAYMENT_AMOUNT":10476,"POLICY_PREMIUM":41904},
  {"POLICY_PLAN":"QPROCANCER12-AGE55-59","POLICY_SUMINSURED":2000000,"PAYMENT_AMOUNT":11380,"POLICY_PREMIUM":45520},
  {"POLICY_PLAN":"QPROCANCER12-AGE60-65","POLICY_SUMINSURED":2000000,"PAYMENT_AMOUNT":17345,"POLICY_PREMIUM":69380},
  {"POLICY_PLAN":"TPROCANCER1-AGE1-39","POLICY_SUMINSURED":300000,"PAYMENT_AMOUNT":333,"POLICY_PREMIUM":1998},
  {"POLICY_PLAN":"TPROCANCER1-AGE40-44","POLICY_SUMINSURED":300000,"PAYMENT_AMOUNT":536,"POLICY_PREMIUM":3216},
  {"POLICY_PLAN":"TPROCANCER1-AGE45-49","POLICY_SUMINSURED":300000,"PAYMENT_AMOUNT":847,"POLICY_PREMIUM":5082},
  {"POLICY_PLAN":"TPROCANCER1-AGE50-54","POLICY_SUMINSURED":300000,"PAYMENT_AMOUNT":1002,"POLICY_PREMIUM":6012},
  {"POLICY_PLAN":"TPROCANCER1-AGE55-59","POLICY_SUMINSURED":300000,"PAYMENT_AMOUNT":1088,"POLICY_PREMIUM":6528},
  {"POLICY_PLAN":"TPROCANCER1-AGE60-65","POLICY_SUMINSURED":300000,"PAYMENT_AMOUNT":1657,"POLICY_PREMIUM":9942},
  {"POLICY_PLAN":"TPROCANCER2-AGE1-39","POLICY_SUMINSURED":500000,"PAYMENT_AMOUNT":552,"POLICY_PREMIUM":3312},
  {"POLICY_PLAN":"TPROCANCER2-AGE40-44","POLICY_SUMINSURED":500000,"PAYMENT_AMOUNT":889,"POLICY_PREMIUM":5334},
  {"POLICY_PLAN":"TPROCANCER2-AGE45-49","POLICY_SUMINSURED":500000,"PAYMENT_AMOUNT":1408,"POLICY_PREMIUM":8448},
  {"POLICY_PLAN":"TPROCANCER2-AGE50-54","POLICY_SUMINSURED":500000,"PAYMENT_AMOUNT":1667,"POLICY_PREMIUM":10002},
  {"POLICY_PLAN":"TPROCANCER2-AGE55-59","POLICY_SUMINSURED":500000,"PAYMENT_AMOUNT":1811,"POLICY_PREMIUM":10866},
  {"POLICY_PLAN":"TPROCANCER2-AGE60-65","POLICY_SUMINSURED":500000,"PAYMENT_AMOUNT":2758,"POLICY_PREMIUM":16548},
  {"POLICY_PLAN":"TPROCANCER3-AGE1-39","POLICY_SUMINSURED":700000,"PAYMENT_AMOUNT":769,"POLICY_PREMIUM":4614},
  {"POLICY_PLAN":"TPROCANCER3-AGE40-44","POLICY_SUMINSURED":700000,"PAYMENT_AMOUNT":1243,"POLICY_PREMIUM":7458},
  {"POLICY_PLAN":"TPROCANCER3-AGE45-49","POLICY_SUMINSURED":700000,"PAYMENT_AMOUNT":1969,"POLICY_PREMIUM":11814},
  {"POLICY_PLAN":"TPROCANCER3-AGE50-54","POLICY_SUMINSURED":700000,"PAYMENT_AMOUNT":2333,"POLICY_PREMIUM":13998},
  {"POLICY_PLAN":"TPROCANCER3-AGE55-59","POLICY_SUMINSURED":700000,"PAYMENT_AMOUNT":2532,"POLICY_PREMIUM":15192},
  {"POLICY_PLAN":"TPROCANCER3-AGE60-65","POLICY_SUMINSURED":700000,"PAYMENT_AMOUNT":3858,"POLICY_PREMIUM":23148},
  {"POLICY_PLAN":"TPROCANCER4-AGE1-39","POLICY_SUMINSURED":1000000,"PAYMENT_AMOUNT":1098,"POLICY_PREMIUM":6588},
  {"POLICY_PLAN":"TPROCANCER4-AGE40-44","POLICY_SUMINSURED":1000000,"PAYMENT_AMOUNT":1773,"POLICY_PREMIUM":10638},
  {"POLICY_PLAN":"TPROCANCER4-AGE45-49","POLICY_SUMINSURED":1000000,"PAYMENT_AMOUNT":2810,"POLICY_PREMIUM":16860},
  {"POLICY_PLAN":"TPROCANCER4-AGE50-54","POLICY_SUMINSURED":1000000,"PAYMENT_AMOUNT":3328,"POLICY_PREMIUM":19968},
  {"POLICY_PLAN":"TPROCANCER4-AGE55-59","POLICY_SUMINSURED":1000000,"PAYMENT_AMOUNT":3616,"POLICY_PREMIUM":21696},
  {"POLICY_PLAN":"TPROCANCER4-AGE60-65","POLICY_SUMINSURED":1000000,"PAYMENT_AMOUNT":5509,"POLICY_PREMIUM":33054},
  {"POLICY_PLAN":"TPROCANCER5-AGE1-39","POLICY_SUMINSURED":1500000,"PAYMENT_AMOUNT":1643,"POLICY_PREMIUM":9858},
  {"POLICY_PLAN":"TPROCANCER5-AGE40-44","POLICY_SUMINSURED":1500000,"PAYMENT_AMOUNT":2657,"POLICY_PREMIUM":15942},
  {"POLICY_PLAN":"TPROCANCER5-AGE45-49","POLICY_SUMINSURED":1500000,"PAYMENT_AMOUNT":4213,"POLICY_PREMIUM":25278},
  {"POLICY_PLAN":"TPROCANCER5-AGE50-54","POLICY_SUMINSURED":1500000,"PAYMENT_AMOUNT":4991,"POLICY_PREMIUM":29946},
  {"POLICY_PLAN":"TPROCANCER5-AGE55-59","POLICY_SUMINSURED":1500000,"PAYMENT_AMOUNT":5421,"POLICY_PREMIUM":32526},
  {"POLICY_PLAN":"TPROCANCER5-AGE60-65","POLICY_SUMINSURED":1500000,"PAYMENT_AMOUNT":8262,"POLICY_PREMIUM":49572},
  {"POLICY_PLAN":"TPROCANCER6-AGE1-39","POLICY_SUMINSURED":2000000,"PAYMENT_AMOUNT":2190,"POLICY_PREMIUM":13140},
  {"POLICY_PLAN":"TPROCANCER6-AGE40-44","POLICY_SUMINSURED":2000000,"PAYMENT_AMOUNT":3541,"POLICY_PREMIUM":21246},
  {"POLICY_PLAN":"TPROCANCER6-AGE45-49","POLICY_SUMINSURED":2000000,"PAYMENT_AMOUNT":5615,"POLICY_PREMIUM":33690},
  {"POLICY_PLAN":"TPROCANCER6-AGE50-54","POLICY_SUMINSURED":2000000,"PAYMENT_AMOUNT":6652,"POLICY_PREMIUM":39912},
  {"POLICY_PLAN":"TPROCANCER6-AGE55-59","POLICY_SUMINSURED":2000000,"PAYMENT_AMOUNT":7226,"POLICY_PREMIUM":43356},
  {"POLICY_PLAN":"TPROCANCER6-AGE60-65","POLICY_SUMINSURED":2000000,"PAYMENT_AMOUNT":11013,"POLICY_PREMIUM":66078},
  {"POLICY_PLAN":"TPROCANCER7-AGE1-39","POLICY_SUMINSURED":300000,"PAYMENT_AMOUNT":355,"POLICY_PREMIUM":2130},
  {"POLICY_PLAN":"TPROCANCER7-AGE40-44","POLICY_SUMINSURED":300000,"PAYMENT_AMOUNT":572,"POLICY_PREMIUM":3432},
  {"POLICY_PLAN":"TPROCANCER7-AGE45-49","POLICY_SUMINSURED":300000,"PAYMENT_AMOUNT":903,"POLICY_PREMIUM":5418},
  {"POLICY_PLAN":"TPROCANCER7-AGE50-54","POLICY_SUMINSURED":300000,"PAYMENT_AMOUNT":1069,"POLICY_PREMIUM":6414},
  {"POLICY_PLAN":"TPROCANCER7-AGE55-59","POLICY_SUMINSURED":300000,"PAYMENT_AMOUNT":1160,"POLICY_PREMIUM":6960},
  {"POLICY_PLAN":"TPROCANCER7-AGE60-65","POLICY_SUMINSURED":300000,"PAYMENT_AMOUNT":1767,"POLICY_PREMIUM":10602},
  {"POLICY_PLAN":"TPROCANCER8-AGE1-39","POLICY_SUMINSURED":500000,"PAYMENT_AMOUNT":584,"POLICY_PREMIUM":3504},
  {"POLICY_PLAN":"TPROCANCER8-AGE40-44","POLICY_SUMINSURED":500000,"PAYMENT_AMOUNT":943,"POLICY_PREMIUM":5658},
  {"POLICY_PLAN":"TPROCANCER8-AGE45-49","POLICY_SUMINSURED":500000,"PAYMENT_AMOUNT":1491,"POLICY_PREMIUM":8946},
  {"POLICY_PLAN":"TPROCANCER8-AGE50-54","POLICY_SUMINSURED":500000,"PAYMENT_AMOUNT":1767,"POLICY_PREMIUM":10602},
  {"POLICY_PLAN":"TPROCANCER8-AGE55-59","POLICY_SUMINSURED":500000,"PAYMENT_AMOUNT":1919,"POLICY_PREMIUM":11514},
  {"POLICY_PLAN":"TPROCANCER8-AGE60-65","POLICY_SUMINSURED":500000,"PAYMENT_AMOUNT":2923,"POLICY_PREMIUM":17538},
  {"POLICY_PLAN":"TPROCANCER9-AGE1-39","POLICY_SUMINSURED":700000,"PAYMENT_AMOUNT":814,"POLICY_PREMIUM":4884},
  {"POLICY_PLAN":"TPROCANCER9-AGE40-44","POLICY_SUMINSURED":700000,"PAYMENT_AMOUNT":1313,"POLICY_PREMIUM":7878},
  {"POLICY_PLAN":"TPROCANCER9-AGE45-49","POLICY_SUMINSURED":700000,"PAYMENT_AMOUNT":2082,"POLICY_PREMIUM":12492},
  {"POLICY_PLAN":"TPROCANCER9-AGE50-54","POLICY_SUMINSURED":700000,"PAYMENT_AMOUNT":2465,"POLICY_PREMIUM":14790},
  {"POLICY_PLAN":"TPROCANCER9-AGE55-59","POLICY_SUMINSURED":700000,"PAYMENT_AMOUNT":2677,"POLICY_PREMIUM":16062},
  {"POLICY_PLAN":"TPROCANCER9-AGE60-65","POLICY_SUMINSURED":700000,"PAYMENT_AMOUNT":4078,"POLICY_PREMIUM":24468},
  {"POLICY_PLAN":"TPROCANCER10-AGE1-39","POLICY_SUMINSURED":1000000,"PAYMENT_AMOUNT":1152,"POLICY_PREMIUM":6912},
  {"POLICY_PLAN":"TPROCANCER10-AGE40-44","POLICY_SUMINSURED":1000000,"PAYMENT_AMOUNT":1862,"POLICY_PREMIUM":11172},
  {"POLICY_PLAN":"TPROCANCER10-AGE45-49","POLICY_SUMINSURED":1000000,"PAYMENT_AMOUNT":2950,"POLICY_PREMIUM":17700},
  {"POLICY_PLAN":"TPROCANCER10-AGE50-54","POLICY_SUMINSURED":1000000,"PAYMENT_AMOUNT":3495,"POLICY_PREMIUM":20970},
  {"POLICY_PLAN":"TPROCANCER10-AGE55-59","POLICY_SUMINSURED":1000000,"PAYMENT_AMOUNT":3796,"POLICY_PREMIUM":22776},
  {"POLICY_PLAN":"TPROCANCER10-AGE60-65","POLICY_SUMINSURED":1000000,"PAYMENT_AMOUNT":5785,"POLICY_PREMIUM":34710},
  {"POLICY_PLAN":"TPROCANCER11-AGE1-39","POLICY_SUMINSURED":1500000,"PAYMENT_AMOUNT":1725,"POLICY_PREMIUM":10350},
  {"POLICY_PLAN":"TPROCANCER11-AGE40-44","POLICY_SUMINSURED":1500000,"PAYMENT_AMOUNT":2789,"POLICY_PREMIUM":16734},
  {"POLICY_PLAN":"TPROCANCER11-AGE45-49","POLICY_SUMINSURED":1500000,"PAYMENT_AMOUNT":4423,"POLICY_PREMIUM":26538},
  {"POLICY_PLAN":"TPROCANCER11-AGE50-54","POLICY_SUMINSURED":1500000,"PAYMENT_AMOUNT":5240,"POLICY_PREMIUM":31440},
  {"POLICY_PLAN":"TPROCANCER11-AGE55-59","POLICY_SUMINSURED":1500000,"PAYMENT_AMOUNT":5691,"POLICY_PREMIUM":34146},
  {"POLICY_PLAN":"TPROCANCER11-AGE60-65","POLICY_SUMINSURED":1500000,"PAYMENT_AMOUNT":8674,"POLICY_PREMIUM":52044},
  {"POLICY_PLAN":"TPROCANCER12-AGE1-39","POLICY_SUMINSURED":2000000,"PAYMENT_AMOUNT":2298,"POLICY_PREMIUM":13788},
  {"POLICY_PLAN":"TPROCANCER12-AGE40-44","POLICY_SUMINSURED":2000000,"PAYMENT_AMOUNT":3718,"POLICY_PREMIUM":22308},
  {"POLICY_PLAN":"TPROCANCER12-AGE45-49","POLICY_SUMINSURED":2000000,"PAYMENT_AMOUNT":5896,"POLICY_PREMIUM":35376},
  {"POLICY_PLAN":"TPROCANCER12-AGE50-54","POLICY_SUMINSURED":2000000,"PAYMENT_AMOUNT":6985,"POLICY_PREMIUM":41910},
  {"POLICY_PLAN":"TPROCANCER12-AGE55-59","POLICY_SUMINSURED":2000000,"PAYMENT_AMOUNT":7587,"POLICY_PREMIUM":45522},
  {"POLICY_PLAN":"TPROCANCER12-AGE60-65","POLICY_SUMINSURED":2000000,"PAYMENT_AMOUNT":11564,"POLICY_PREMIUM":69384}
]